date,webshopId,category,title,list_price,current_price,is_bonus,bonus_mechanism,sales_unit_size,unit_price,unit
2026-08-28,1525,Dairy & eggs,AH Halfvolle melk,1.29,,False,,1 l,1.29,liter
2026-08-28,450535,Dairy & eggs,AH Houdbare volle melk,0.99,,False,,1 l,0.99,liter
2026-08-28,96643,Dairy & eggs,AH Magere yoghurt,1.39,,False,,1 l,1.39,liter
2026-08-28,429777,Dairy & eggs,Campina Magere milde kwark naturel voordeelpak,3.49,,False,,1 kg,3.49,kg
2026-08-28,320085,Dairy & eggs,AH Jong belegen 35+ plakken,3.59,2.69,True,25% korting,ca. 170 g,21.12,kg
2026-08-28,193236,Dairy & eggs,AH Roomboter ongezouten,2.59,,False,,250 g,10.36,kg
2026-08-28,479760,Dairy & eggs,Natuurfarm de Boed 10 scharrel eieren S M L,3.79,,False,,10 stuks,,
2026-08-28,118131,Dairy & eggs,AH Vanillevla,1.59,,False,,1 l,1.59,liter
2026-08-28,485699,Bread & cereals,AH Vloerbrood volkoren heel,2.69,,False,,per stuk,,
2026-08-28,112336,Bread & cereals,AH Extra lang lekker casino wit heel,1.49,,False,,per stuk,,
2026-08-28,513514,Bread & cereals,Bolletje Vezelrijk boeren beschuit meerzaden,1.99,,False,,10 stuks,,
2026-08-28,162826,Bread & cereals,Kellogg's Cornflakes,3.09,,False,,375 g,8.24,kg
2026-08-28,438127,Bread & cereals,AH Volkoren muesli naturel,2.65,,False,,1 kg,2.65,kg
2026-08-28,162513,Bread & cereals,AH Zilvervliesrijst,1.42,,False,,1 kg,1.42,kg
2026-08-28,159760,Bread & cereals,AH Spaghetti,0.85,,False,,500 g,1.7,kg
2026-08-28,36783,Bread & cereals,AH Tarwebloem,0.85,,False,,1 kg,0.85,kg
2026-08-28,543332,Meat & fish,AH Scharrel kipfilet naturel,2.59,,False,,150 g,17.27,kg
2026-08-28,4004,Meat & fish,AH Rundergehakt,4.25,,False,,300 g,14.17,kg
2026-08-28,232421,Meat & fish,AH Speklap,5.45,,False,,ca. 480 g,11.36,kg
2026-08-28,367555,Meat & fish,Unox Extra magere rookworst,4.59,,False,,275 g,16.69,kg
2026-08-28,598216,Meat & fish,AH Zalmfilet a  la minute 2-pack,12.26,9.19,True,,2 stuks,,
2026-08-28,485298,Meat & fish,Princes Tonijnstukken in water voordeelpak,6.99,,False,,435 g,22.84,kg
2026-08-28,560666,Meat & fish,AH Achterham,1.49,,False,,75 g,19.87,kg
2026-08-28,455430,Vegetables,AH Finest Red Nederlandse trostomaten,2.49,,False,,450 g,5.53,kg
2026-08-28,54074,Vegetables,AH Komkommer,0.85,,False,,per stuk,,
2026-08-28,525847,Vegetables,AH Gele uien,1.09,,False,,3 stuks,,
2026-08-28,4117,Vegetables,AH Paprika rood,1.09,,False,,per stuk,,
2026-08-28,129684,Vegetables,AH IJsbergsla,1.09,,False,,200 g,5.45,kg
2026-08-28,226367,Vegetables,AH Broccoliroosjes,1.49,,False,,450 g,3.31,kg
2026-08-28,4076,Vegetables,AH Winterpeen,1.39,,False,,1 kg,1.39,kg
2026-08-28,67842,Vegetables,AH Witte champignons,1.89,,False,,400 g,4.73,kg
2026-08-28,123955,Vegetables,AH Kruimige aardappelen,1.29,,False,,1 kg,1.29,kg
2026-08-28,197393,Fruit,AH Bananen tros,1.49,,False,,Tros,,
2026-08-28,123209,Fruit,AH Elstar zak,3.99,2.99,True,VOOR 2.99,"1,5 kg",2.66,kg
2026-08-28,67896,Fruit,AH Handsinaasappelen,3.29,2.49,True,VOOR 2.49,2 kg,1.65,kg
2026-08-28,80585,Fruit,AH Pitloze witte druiven,2.59,,True,2 stapelen tot 50%,500 g,5.18,kg
2026-08-28,565851,Fruit,AH Citroen,1.59,1.19,True,25% korting,500 g,3.18,kg
2026-08-28,129242,Fruit,AH Groene kiwi's,6.49,,False,,1 kg,6.49,kg
2026-08-28,381377,Drinks,AH Zwarte thee Engelse melange 1 kop,0.69,,False,,50 stuks,,
2026-08-28,616715,Drinks,Coca-Cola Original taste 6-pack,13.14,11.83,True,10% volume voordeel,6 stuks,,
2026-08-28,55444,Drinks,Appelsientje Sinaasappel met extra vruchtvlees,2.99,,True,2 voor 3.99,1 l,2.99,liter
2026-08-28,210145,Drinks,Heineken Premium pilsener krat,19.99,14.99,True,25% korting,"24 x 0,3 l",2.78,liter
2026-08-28,567973,Drinks,Spa Intense bruisend mineraalwater,1.29,,False,,"1,5 l",0.86,liter
2026-08-28,594632,Snacks & sweets,Kitkat Melkchocoladereep double chocolate,1.99,,False,,99 g,20.1,kg
2026-08-28,526381,Snacks & sweets,Lay's Naturel,2.19,1.69,True,VOOR 1.69,200 g,10.95,kg
2026-08-28,170059,Snacks & sweets,AH Stroopwafels,2.69,,False,,8 stuks,,
2026-08-28,3579,Snacks & sweets,Calvé Pindakaas pot,3.49,,False,,350 g,9.97,kg
2026-08-28,493644,Snacks & sweets,De Ruijter Chocoladehagel melk,3.75,,False,,390 g,9.62,kg
2026-08-28,573535,Snacks & sweets,LU Bastogne original 3-pack,6.45,5.8,True,10% volume voordeel,3 stuks,,
2026-08-28,511002,Pantry staples,AH Kristalsuiker,0.75,,False,,1 kg,0.75,kg
2026-08-28,3372,Pantry staples,AH Keukenzout met jodium,0.85,,False,,1 kg,0.85,kg
2026-08-28,63361,Pantry staples,AH Olijfolie extra vierge,3.59,,False,,250 ml,14.36,liter
2026-08-28,906,Pantry staples,AH Zonnebloemolie,1.35,,False,,1 l,1.35,liter
2026-08-28,216494,Pantry staples,Heinz Tomato ketchup,2.69,,False,,400 ml,6.73,liter
2026-08-28,429373,Pantry staples,Calvé Mayonaise,4.09,,False,,650 ml,6.29,liter
2026-08-28,556728,Pantry staples,AH Pastasaus basilicum,1.25,,False,,520 g,2.4,kg
2026-08-28,920,Pantry staples,AH Rijkgevulde tomatensoep,1.49,,False,,800 ml,1.86,liter
2026-08-28,445254,Frozen,AH Steenoven pizza margherita,2.99,,False,,348 g,8.59,kg
2026-08-28,67746,Frozen,AH Bladspinazie grof gesneden,1.25,,False,,450 g,2.78,kg
2026-08-28,195093,Frozen,AH Airfryer ovenfriet,1.19,,False,,750 g,1.59,kg
2026-08-28,759,Frozen,AH Roomijs vanille,2.79,,False,,1 l,2.79,liter
2026-08-28,376891,Household,Page Kussenzacht toiletpapier voordeelpak,15.99,,False,,24 stuks,,
2026-08-28,163693,Household,Ajax Eucalyptus allesreiniger,2.95,,True,1 + 1 gratis,"1,25 l",2.36,liter
2026-08-28,547694,Household,Dreft Afwasmiddel platinum quick wash original,2.95,,False,,350 ml,8.43,liter
2026-08-28,590121,Household,Robijn Quickwash sunset bloom wasmiddel,18.99,,True,2 + 3 GRATIS,22 wasbeurten,,
2026-08-28,584125,Household,AH Keukenpapier sterk & abs 2=3 rollen,2.99,,True,2 voor 3.99,2 stuks,,
2026-08-28,537248,Household,AH Vuilniszakken trekband 60 liter citrus,1.99,,False,,10 stuks,,
2026-08-28,200282,Personal care,Colgate Fresh gel fluoride tandpasta,2.39,,True,2 + 3 GRATIS,75 ml,31.87,liter
2026-08-28,569393,Personal care,Gliss Shampoo liquid silk,6.99,,True,1 + 1 gratis,250 ml,27.96,liter
2026-08-28,571835,Personal care,Dove Relaxing douchegel,9.79,,True,2 + 3 GRATIS,400 ml,24.48,liter
2026-08-28,177758,Personal care,Unicura Balans anti bacterieel handzeep navul,2.99,,False,,250 ml,11.96,liter
2026-08-28,3738,Drinks,Douwe Egberts Aroma rood filterkoffie,5.49,,True,2e Halve Prijs,250 g,21.96,kg
2026-08-29,1525,Dairy & eggs,AH Halfvolle melk,1.29,,False,,1 l,1.29,liter
2026-08-29,450535,Dairy & eggs,AH Houdbare volle melk,0.99,,False,,1 l,0.99,liter
2026-08-29,96643,Dairy & eggs,AH Magere yoghurt,1.39,,False,,1 l,1.39,liter
2026-08-29,429777,Dairy & eggs,Campina Magere milde kwark naturel voordeelpak,3.49,,False,,1 kg,3.49,kg
2026-08-29,320085,Dairy & eggs,AH Jong belegen 35+ plakken,3.59,2.69,True,25% korting,ca. 170 g,21.12,kg
2026-08-29,193236,Dairy & eggs,AH Roomboter ongezouten,2.59,,False,,250 g,10.36,kg
2026-08-29,479760,Dairy & eggs,Natuurfarm de Boed 10 scharrel eieren S M L,3.79,,False,,10 stuks,,
2026-08-29,118131,Dairy & eggs,AH Vanillevla,1.59,,False,,1 l,1.59,liter
2026-08-29,485699,Bread & cereals,AH Vloerbrood volkoren heel,2.69,,False,,per stuk,,
2026-08-29,112336,Bread & cereals,AH Extra lang lekker casino wit heel,1.49,,False,,per stuk,,
2026-08-29,513514,Bread & cereals,Bolletje Vezelrijk boeren beschuit meerzaden,1.99,,False,,10 stuks,,
2026-08-29,162826,Bread & cereals,Kellogg's Cornflakes,3.09,,False,,375 g,8.24,kg
2026-08-29,438127,Bread & cereals,AH Volkoren muesli naturel,2.65,,False,,1 kg,2.65,kg
2026-08-29,162513,Bread & cereals,AH Zilvervliesrijst,1.42,,False,,1 kg,1.42,kg
2026-08-29,159760,Bread & cereals,AH Spaghetti,0.85,,False,,500 g,1.7,kg
2026-08-29,36783,Bread & cereals,AH Tarwebloem,0.85,,False,,1 kg,0.85,kg
2026-08-29,543332,Meat & fish,AH Scharrel kipfilet naturel,2.59,,False,,150 g,17.27,kg
2026-08-29,4004,Meat & fish,AH Rundergehakt,4.25,,False,,300 g,14.17,kg
2026-08-29,232421,Meat & fish,AH Speklap,5.45,,False,,ca. 480 g,11.36,kg
2026-08-29,367555,Meat & fish,Unox Extra magere rookworst,4.59,,False,,275 g,16.69,kg
2026-08-29,598216,Meat & fish,AH Zalmfilet a  la minute 2-pack,12.26,9.19,True,,2 stuks,,
2026-08-29,485298,Meat & fish,Princes Tonijnstukken in water voordeelpak,6.99,,False,,435 g,22.84,kg
2026-08-29,560666,Meat & fish,AH Achterham,1.49,,False,,75 g,19.87,kg
2026-08-29,455430,Vegetables,AH Finest Red Nederlandse trostomaten,2.49,,False,,450 g,5.53,kg
2026-08-29,54074,Vegetables,AH Komkommer,0.85,,False,,per stuk,,
2026-08-29,525847,Vegetables,AH Gele uien,1.09,,False,,3 stuks,,
2026-08-29,4117,Vegetables,AH Paprika rood,1.09,,False,,per stuk,,
2026-08-29,129684,Vegetables,AH IJsbergsla,1.09,,False,,200 g,5.45,kg
2026-08-29,226367,Vegetables,AH Broccoliroosjes,1.49,,False,,450 g,3.31,kg
2026-08-29,4076,Vegetables,AH Winterpeen,1.39,,False,,1 kg,1.39,kg
2026-08-29,67842,Vegetables,AH Witte champignons,1.89,,False,,400 g,4.73,kg
2026-08-29,123955,Vegetables,AH Kruimige aardappelen,1.29,,False,,1 kg,1.29,kg
2026-08-29,197393,Fruit,AH Bananen tros,1.49,,False,,Tros,,
2026-08-29,123209,Fruit,AH Elstar zak,3.99,2.99,True,VOOR 2.99,"1,5 kg",2.66,kg
2026-08-29,67896,Fruit,AH Handsinaasappelen,3.29,2.49,True,VOOR 2.49,2 kg,1.65,kg
2026-08-29,80585,Fruit,AH Pitloze witte druiven,2.59,,True,2 stapelen tot 50%,500 g,5.18,kg
2026-08-29,565851,Fruit,AH Citroen,1.59,1.19,True,25% korting,500 g,3.18,kg
2026-08-29,129242,Fruit,AH Groene kiwi's,6.49,,False,,1 kg,6.49,kg
2026-08-29,381377,Drinks,AH Zwarte thee Engelse melange 1 kop,0.69,,False,,50 stuks,,
2026-08-29,616715,Drinks,Coca-Cola Original taste 6-pack,13.14,11.83,True,10% volume voordeel,6 stuks,,
2026-08-29,55444,Drinks,Appelsientje Sinaasappel met extra vruchtvlees,2.99,,True,2 voor 3.99,1 l,2.99,liter
2026-08-29,210145,Drinks,Heineken Premium pilsener krat,19.99,14.99,True,25% korting,"24 x 0,3 l",2.78,liter
2026-08-29,567973,Drinks,Spa Intense bruisend mineraalwater,1.29,,False,,"1,5 l",0.86,liter
2026-08-29,594632,Snacks & sweets,Kitkat Melkchocoladereep double chocolate,1.99,,False,,99 g,20.1,kg
2026-08-29,526381,Snacks & sweets,Lay's Naturel,2.19,1.69,True,VOOR 1.69,200 g,10.95,kg
2026-08-29,170059,Snacks & sweets,AH Stroopwafels,2.69,,False,,8 stuks,,
2026-08-29,3579,Snacks & sweets,Calvé Pindakaas pot,3.49,,False,,350 g,9.97,kg
2026-08-29,493644,Snacks & sweets,De Ruijter Chocoladehagel melk,3.75,,False,,390 g,9.62,kg
2026-08-29,573535,Snacks & sweets,LU Bastogne original 3-pack,6.45,5.8,True,10% volume voordeel,3 stuks,,
2026-08-29,511002,Pantry staples,AH Kristalsuiker,0.75,,False,,1 kg,0.75,kg
2026-08-29,3372,Pantry staples,AH Keukenzout met jodium,0.85,,False,,1 kg,0.85,kg
2026-08-29,63361,Pantry staples,AH Olijfolie extra vierge,3.59,,False,,250 ml,14.36,liter
2026-08-29,906,Pantry staples,AH Zonnebloemolie,1.35,,False,,1 l,1.35,liter
2026-08-29,216494,Pantry staples,Heinz Tomato ketchup,2.69,,False,,400 ml,6.73,liter
2026-08-29,429373,Pantry staples,Calvé Mayonaise,4.09,,False,,650 ml,6.29,liter
2026-08-29,556728,Pantry staples,AH Pastasaus basilicum,1.25,,False,,520 g,2.4,kg
2026-08-29,920,Pantry staples,AH Rijkgevulde tomatensoep,1.49,,False,,800 ml,1.86,liter
2026-08-29,445254,Frozen,AH Steenoven pizza margherita,2.99,,False,,348 g,8.59,kg
2026-08-29,67746,Frozen,AH Bladspinazie grof gesneden,1.25,,False,,450 g,2.78,kg
2026-08-29,195093,Frozen,AH Airfryer ovenfriet,1.19,,False,,750 g,1.59,kg
2026-08-29,759,Frozen,AH Roomijs vanille,2.79,,False,,1 l,2.79,liter
2026-08-29,376891,Household,Page Kussenzacht toiletpapier voordeelpak,15.99,,False,,24 stuks,,
2026-08-29,163693,Household,Ajax Eucalyptus allesreiniger,2.95,,True,1 + 1 gratis,"1,25 l",2.36,liter
2026-08-29,547694,Household,Dreft Afwasmiddel platinum quick wash original,2.95,,False,,350 ml,8.43,liter
2026-08-29,590121,Household,Robijn Quickwash sunset bloom wasmiddel,18.99,,True,2 + 3 GRATIS,22 wasbeurten,,
2026-08-29,584125,Household,AH Keukenpapier sterk & abs 2=3 rollen,2.99,,True,2 voor 3.99,2 stuks,,
2026-08-29,537248,Household,AH Vuilniszakken trekband 60 liter citrus,1.99,,False,,10 stuks,,
2026-08-29,200282,Personal care,Colgate Fresh gel fluoride tandpasta,2.39,,True,2 + 3 GRATIS,75 ml,31.87,liter
2026-08-29,569393,Personal care,Gliss Shampoo liquid silk,6.99,,True,1 + 1 gratis,250 ml,27.96,liter
2026-08-29,571835,Personal care,Dove Relaxing douchegel,9.79,,True,2 + 3 GRATIS,400 ml,24.48,liter
2026-08-29,177758,Personal care,Unicura Balans anti bacterieel handzeep navul,2.99,,False,,250 ml,11.96,liter
2026-08-29,3738,Drinks,Douwe Egberts Aroma rood filterkoffie,5.49,,True,2e Halve Prijs,250 g,21.96,kg
2026-08-30,1525,Dairy & eggs,AH Halfvolle melk,1.29,,False,,1 l,1.29,liter
2026-08-30,450535,Dairy & eggs,AH Houdbare volle melk,0.99,,False,,1 l,0.99,liter
2026-08-30,96643,Dairy & eggs,AH Magere yoghurt,1.39,,False,,1 l,1.39,liter
2026-08-30,429777,Dairy & eggs,Campina Magere milde kwark naturel voordeelpak,3.49,,False,,1 kg,3.49,kg
2026-08-30,320085,Dairy & eggs,AH Jong belegen 35+ plakken,3.59,2.69,True,25% korting,ca. 170 g,21.12,kg
2026-08-30,193236,Dairy & eggs,AH Roomboter ongezouten,2.59,,False,,250 g,10.36,kg
2026-08-30,479760,Dairy & eggs,Natuurfarm de Boed 10 scharrel eieren S M L,3.79,,False,,10 stuks,,
2026-08-30,118131,Dairy & eggs,AH Vanillevla,1.59,,False,,1 l,1.59,liter
2026-08-30,485699,Bread & cereals,AH Vloerbrood volkoren heel,2.69,,False,,per stuk,,
2026-08-30,112336,Bread & cereals,AH Extra lang lekker casino wit heel,1.49,,False,,per stuk,,
2026-08-30,513514,Bread & cereals,Bolletje Vezelrijk boeren beschuit meerzaden,1.99,,False,,10 stuks,,
2026-08-30,162826,Bread & cereals,Kellogg's Cornflakes,3.09,,False,,375 g,8.24,kg
2026-08-30,438127,Bread & cereals,AH Volkoren muesli naturel,2.65,,False,,1 kg,2.65,kg
2026-08-30,162513,Bread & cereals,AH Zilvervliesrijst,1.42,,False,,1 kg,1.42,kg
2026-08-30,159760,Bread & cereals,AH Spaghetti,0.85,,False,,500 g,1.7,kg
2026-08-30,36783,Bread & cereals,AH Tarwebloem,0.85,,False,,1 kg,0.85,kg
2026-08-30,543332,Meat & fish,AH Scharrel kipfilet naturel,2.59,,False,,150 g,17.27,kg
2026-08-30,4004,Meat & fish,AH Rundergehakt,4.25,,False,,300 g,14.17,kg
2026-08-30,232421,Meat & fish,AH Speklap,5.45,,False,,ca. 480 g,11.36,kg
2026-08-30,367555,Meat & fish,Unox Extra magere rookworst,4.59,,False,,275 g,16.69,kg
2026-08-30,598216,Meat & fish,AH Zalmfilet a  la minute 2-pack,12.26,9.19,True,,2 stuks,,
2026-08-30,485298,Meat & fish,Princes Tonijnstukken in water voordeelpak,6.99,,False,,435 g,22.84,kg
2026-08-30,560666,Meat & fish,AH Achterham,1.49,,False,,75 g,19.87,kg
2026-08-30,455430,Vegetables,AH Finest Red Nederlandse trostomaten,2.49,,False,,450 g,5.53,kg
2026-08-30,54074,Vegetables,AH Komkommer,0.85,,False,,per stuk,,
2026-08-30,525847,Vegetables,AH Gele uien,1.09,,False,,3 stuks,,
2026-08-30,4117,Vegetables,AH Paprika rood,1.09,,False,,per stuk,,
2026-08-30,129684,Vegetables,AH IJsbergsla,1.09,,False,,200 g,5.45,kg
2026-08-30,226367,Vegetables,AH Broccoliroosjes,1.49,,False,,450 g,3.31,kg
2026-08-30,4076,Vegetables,AH Winterpeen,1.39,,False,,1 kg,1.39,kg
2026-08-30,67842,Vegetables,AH Witte champignons,1.89,,False,,400 g,4.73,kg
2026-08-30,123955,Vegetables,AH Kruimige aardappelen,1.29,,False,,1 kg,1.29,kg
2026-08-30,197393,Fruit,AH Bananen tros,1.49,,False,,Tros,,
2026-08-30,123209,Fruit,AH Elstar zak,3.99,2.99,True,VOOR 2.99,"1,5 kg",2.66,kg
2026-08-30,67896,Fruit,AH Handsinaasappelen,3.29,2.49,True,VOOR 2.49,2 kg,1.65,kg
2026-08-30,80585,Fruit,AH Pitloze witte druiven,2.59,,True,2 stapelen tot 50%,500 g,5.18,kg
2026-08-30,565851,Fruit,AH Citroen,1.59,1.19,True,25% korting,500 g,3.18,kg
2026-08-30,129242,Fruit,AH Groene kiwi's,6.49,,False,,1 kg,6.49,kg
2026-08-30,381377,Drinks,AH Zwarte thee Engelse melange 1 kop,0.69,,False,,50 stuks,,
2026-08-30,616715,Drinks,Coca-Cola Original taste 6-pack,13.14,11.83,True,10% volume voordeel,6 stuks,,
2026-08-30,55444,Drinks,Appelsientje Sinaasappel met extra vruchtvlees,2.99,,True,2 voor 3.99,1 l,2.99,liter
2026-08-30,210145,Drinks,Heineken Premium pilsener krat,19.99,14.99,True,25% korting,"24 x 0,3 l",2.78,liter
2026-08-30,567973,Drinks,Spa Intense bruisend mineraalwater,1.29,,False,,"1,5 l",0.86,liter
2026-08-30,594632,Snacks & sweets,Kitkat Melkchocoladereep double chocolate,1.99,,False,,99 g,20.1,kg
2026-08-30,526381,Snacks & sweets,Lay's Naturel,2.19,1.69,True,VOOR 1.69,200 g,10.95,kg
2026-08-30,170059,Snacks & sweets,AH Stroopwafels,2.69,,False,,8 stuks,,
2026-08-30,3579,Snacks & sweets,Calvé Pindakaas pot,3.49,,False,,350 g,9.97,kg
2026-08-30,493644,Snacks & sweets,De Ruijter Chocoladehagel melk,3.75,,False,,390 g,9.62,kg
2026-08-30,573535,Snacks & sweets,LU Bastogne original 3-pack,6.45,5.8,True,10% volume voordeel,3 stuks,,
2026-08-30,511002,Pantry staples,AH Kristalsuiker,0.75,,False,,1 kg,0.75,kg
2026-08-30,3372,Pantry staples,AH Keukenzout met jodium,0.85,,False,,1 kg,0.85,kg
2026-08-30,63361,Pantry staples,AH Olijfolie extra vierge,3.59,,False,,250 ml,14.36,liter
2026-08-30,906,Pantry staples,AH Zonnebloemolie,1.35,,False,,1 l,1.35,liter
2026-08-30,216494,Pantry staples,Heinz Tomato ketchup,2.69,,False,,400 ml,6.73,liter
2026-08-30,429373,Pantry staples,Calvé Mayonaise,4.09,,False,,650 ml,6.29,liter
2026-08-30,556728,Pantry staples,AH Pastasaus basilicum,1.25,,False,,520 g,2.4,kg
2026-08-30,920,Pantry staples,AH Rijkgevulde tomatensoep,1.49,,False,,800 ml,1.86,liter
2026-08-30,445254,Frozen,AH Steenoven pizza margherita,2.99,,False,,348 g,8.59,kg
2026-08-30,67746,Frozen,AH Bladspinazie grof gesneden,1.25,,False,,450 g,2.78,kg
2026-08-30,195093,Frozen,AH Airfryer ovenfriet,1.19,,False,,750 g,1.59,kg
2026-08-30,759,Frozen,AH Roomijs vanille,2.79,,False,,1 l,2.79,liter
2026-08-30,376891,Household,Page Kussenzacht toiletpapier voordeelpak,15.99,,False,,24 stuks,,
2026-08-30,163693,Household,Ajax Eucalyptus allesreiniger,2.95,,True,1 + 1 gratis,"1,25 l",2.36,liter
2026-08-30,547694,Household,Dreft Afwasmiddel platinum quick wash original,2.95,,False,,350 ml,8.43,liter
2026-08-30,590121,Household,Robijn Quickwash sunset bloom wasmiddel,18.99,,True,2 + 3 GRATIS,22 wasbeurten,,
2026-08-30,584125,Household,AH Keukenpapier sterk & abs 2=3 rollen,2.99,,True,2 voor 3.99,2 stuks,,
2026-08-30,537248,Household,AH Vuilniszakken trekband 60 liter citrus,1.99,,False,,10 stuks,,
2026-08-30,200282,Personal care,Colgate Fresh gel fluoride tandpasta,2.39,,True,2 + 3 GRATIS,75 ml,31.87,liter
2026-08-30,569393,Personal care,Gliss Shampoo liquid silk,6.99,,True,1 + 1 gratis,250 ml,27.96,liter
2026-08-30,571835,Personal care,Dove Relaxing douchegel,9.79,,True,2 + 3 GRATIS,400 ml,24.48,liter
2026-08-30,177758,Personal care,Unicura Balans anti bacterieel handzeep navul,2.99,,False,,250 ml,11.96,liter
2026-08-30,3738,Drinks,Douwe Egberts Aroma rood filterkoffie,5.49,,True,2e Halve Prijs,250 g,21.96,kg
2026-08-31,1525,Dairy & eggs,AH Halfvolle melk,1.29,,False,,1 l,1.29,liter
2026-08-31,450535,Dairy & eggs,AH Houdbare volle melk,0.99,,False,,1 l,0.99,liter
2026-08-31,96643,Dairy & eggs,AH Magere yoghurt,1.39,,False,,1 l,1.39,liter
2026-08-31,429777,Dairy & eggs,Campina Magere milde kwark naturel voordeelpak,3.49,,False,,1 kg,3.49,kg
2026-08-31,320085,Dairy & eggs,AH Jong belegen 35+ plakken,4.96,,False,,ca. 235 g,21.12,kg
2026-08-31,193236,Dairy & eggs,AH Roomboter ongezouten,2.59,,False,,250 g,10.36,kg
2026-08-31,479760,Dairy & eggs,Natuurfarm de Boed 10 scharrel eieren S M L,3.79,,False,,10 stuks,,
2026-08-31,118131,Dairy & eggs,AH Vanillevla,1.59,,False,,1 l,1.59,liter
2026-08-31,485699,Bread & cereals,AH Vloerbrood volkoren heel,2.69,,False,,per stuk,,
2026-08-31,112336,Bread & cereals,AH Extra lang lekker casino wit heel,1.49,,False,,per stuk,,
2026-08-31,513514,Bread & cereals,Bolletje Vezelrijk boeren beschuit meerzaden,1.99,,False,,10 stuks,,
2026-08-31,162826,Bread & cereals,Kellogg's Cornflakes,3.09,,False,,375 g,8.24,kg
2026-08-31,438127,Bread & cereals,AH Volkoren muesli naturel,2.65,,False,,1 kg,2.65,kg
2026-08-31,162513,Bread & cereals,AH Zilvervliesrijst,1.39,,False,,1 kg,1.39,kg
2026-08-31,159760,Bread & cereals,AH Spaghetti,0.69,,False,,500 g,1.38,kg
2026-08-31,36783,Bread & cereals,AH Tarwebloem,0.85,,False,,1 kg,0.85,kg
2026-08-31,543332,Meat & fish,AH Scharrel kipfilet naturel,2.59,,False,,150 g,17.27,kg
2026-08-31,4004,Meat & fish,AH Rundergehakt,4.25,,False,,300 g,14.17,kg
2026-08-31,232421,Meat & fish,AH Speklap,5.45,,False,,ca. 480 g,11.36,kg
2026-08-31,367555,Meat & fish,Unox Extra magere rookworst,4.59,,False,,275 g,16.69,kg
2026-08-31,598216,Meat & fish,AH Zalmfilet a  la minute 2-pack,12.26,11.89,True,3% volume voordeel,2 stuks,,
2026-08-31,485298,Meat & fish,Princes Tonijnstukken in water voordeelpak,6.99,,False,,435 g,22.84,kg
2026-08-31,560666,Meat & fish,AH Achterham,1.49,,False,,75 g,19.87,kg
2026-08-31,455430,Vegetables,AH Finest Red Nederlandse trostomaten,2.49,,False,,450 g,5.53,kg
2026-08-31,54074,Vegetables,AH Komkommer,0.79,,False,,per stuk,,
2026-08-31,525847,Vegetables,AH Gele uien,0.99,,False,,3 stuks,,
2026-08-31,4117,Vegetables,AH Paprika rood,1.09,,False,,per stuk,,
2026-08-31,129684,Vegetables,AH IJsbergsla,1.09,,False,,200 g,5.45,kg
2026-08-31,226367,Vegetables,AH Broccoliroosjes,1.49,,False,,450 g,3.31,kg
2026-08-31,4076,Vegetables,AH Winterpeen,1.39,,False,,1 kg,1.39,kg
2026-08-31,67842,Vegetables,AH Witte champignons,1.89,,False,,400 g,4.73,kg
2026-08-31,123955,Vegetables,AH Kruimige aardappelen,1.29,,False,,1 kg,1.29,kg
2026-08-31,197393,Fruit,AH Bananen tros,1.49,,False,,Tros,,
2026-08-31,123209,Fruit,AH Elstar zak,3.99,2.99,True,VOOR 2.99,"1,5 kg",2.66,kg
2026-08-31,67896,Fruit,AH Handsinaasappelen,3.29,2.49,True,VOOR 2.49,2 kg,1.65,kg
2026-08-31,80585,Fruit,AH Pitloze witte druiven,2.59,,False,,500 g,5.18,kg
2026-08-31,565851,Fruit,AH Citroen,1.59,,False,,500 g,3.18,kg
2026-08-31,129242,Fruit,AH Groene kiwi's,6.49,,False,,1 kg,6.49,kg
2026-08-31,381377,Drinks,AH Zwarte thee Engelse melange 1 kop,0.69,,False,,50 stuks,,
2026-08-31,616715,Drinks,Coca-Cola Original taste 6-pack,13.14,11.83,True,10% volume voordeel,6 stuks,,
2026-08-31,55444,Drinks,Appelsientje Sinaasappel met extra vruchtvlees,2.99,,True,2 voor 3.99,1 l,2.99,liter
2026-08-31,210145,Drinks,Heineken Premium pilsener krat,19.99,,False,,"24 x 0,3 l",2.78,liter
2026-08-31,567973,Drinks,Spa Intense bruisend mineraalwater,1.29,,False,,"1,5 l",0.86,liter
2026-08-31,594632,Snacks & sweets,Kitkat Melkchocoladereep double chocolate,1.99,,False,,99 g,20.1,kg
2026-08-31,526381,Snacks & sweets,Lay's Naturel,2.19,1.69,True,VOOR 1.69,200 g,10.95,kg
2026-08-31,170059,Snacks & sweets,AH Stroopwafels,2.69,,False,,8 stuks,,
2026-08-31,3579,Snacks & sweets,Calvé Pindakaas pot,3.49,,False,,350 g,9.97,kg
2026-08-31,493644,Snacks & sweets,De Ruijter Chocoladehagel melk,3.75,,False,,390 g,9.62,kg
2026-08-31,573535,Snacks & sweets,LU Bastogne original 3-pack,6.45,5.8,True,10% volume voordeel,3 stuks,,
2026-08-31,511002,Pantry staples,AH Kristalsuiker,0.75,,False,,1 kg,0.75,kg
2026-08-31,3372,Pantry staples,AH Keukenzout met jodium,0.85,,False,,1 kg,0.85,kg
2026-08-31,63361,Pantry staples,AH Olijfolie extra vierge,3.59,,False,,250 ml,14.36,liter
2026-08-31,906,Pantry staples,AH Zonnebloemolie,1.35,,False,,1 l,1.35,liter
2026-08-31,216494,Pantry staples,Heinz Tomato ketchup,2.69,,False,,400 ml,6.73,liter
2026-08-31,429373,Pantry staples,Calvé Mayonaise,4.09,,False,,650 ml,6.29,liter
2026-08-31,556728,Pantry staples,AH Pastasaus basilicum,1.25,,False,,520 g,2.4,kg
2026-08-31,920,Pantry staples,AH Rijkgevulde tomatensoep,1.49,,False,,800 ml,1.86,liter
2026-08-31,445254,Frozen,AH Steenoven pizza margherita,2.99,,False,,348 g,8.59,kg
2026-08-31,67746,Frozen,AH Bladspinazie grof gesneden,1.25,,False,,450 g,2.78,kg
2026-08-31,195093,Frozen,AH Airfryer ovenfriet,1.19,,False,,750 g,1.59,kg
2026-08-31,759,Frozen,AH Roomijs vanille,2.79,,False,,1 l,2.79,liter
2026-08-31,376891,Household,Page Kussenzacht toiletpapier voordeelpak,15.99,,False,,24 stuks,,
2026-08-31,163693,Household,Ajax Eucalyptus allesreiniger,2.95,,True,1 + 1 gratis,"1,25 l",2.36,liter
2026-08-31,547694,Household,Dreft Afwasmiddel platinum quick wash original,2.95,,False,,350 ml,8.43,liter
2026-08-31,590121,Household,Robijn Quickwash sunset bloom wasmiddel,18.99,6.99,True,VOOR 6.99,22 wasbeurten,,
2026-08-31,584125,Household,AH Keukenpapier sterk & abs 2=3 rollen,2.99,,True,2 voor 3.99,2 stuks,,
2026-08-31,537248,Household,AH Vuilniszakken trekband 60 liter citrus,1.99,,False,,10 stuks,,
2026-08-31,200282,Personal care,Colgate Fresh gel fluoride tandpasta,2.39,,False,,75 ml,31.87,liter
2026-08-31,569393,Personal care,Gliss Shampoo liquid silk,6.99,,True,1 + 1 gratis,250 ml,27.96,liter
2026-08-31,571835,Personal care,Dove Relaxing douchegel,9.79,,False,,400 ml,24.48,liter
2026-08-31,177758,Personal care,Unicura Balans anti bacterieel handzeep navul,2.99,,False,,250 ml,11.96,liter
2026-08-31,3738,Drinks,Douwe Egberts Aroma rood filterkoffie,5.49,,True,2e Halve Prijs,250 g,21.96,kg
2026-09-01,1525,Dairy & eggs,AH Halfvolle melk,1.29,,False,,1 l,1.29,liter
2026-09-01,450535,Dairy & eggs,AH Houdbare volle melk,0.99,,False,,1 l,0.99,liter
2026-09-01,96643,Dairy & eggs,AH Magere yoghurt,1.39,,False,,1 l,1.39,liter
2026-09-01,429777,Dairy & eggs,Campina Magere milde kwark naturel voordeelpak,3.49,,False,,1 kg,3.49,kg
2026-09-01,320085,Dairy & eggs,AH Jong belegen 35+ plakken,4.96,,False,,ca. 235 g,21.12,kg
2026-09-01,193236,Dairy & eggs,AH Roomboter ongezouten,2.59,,False,,250 g,10.36,kg
2026-09-01,479760,Dairy & eggs,Natuurfarm de Boed 10 scharrel eieren S M L,3.79,,False,,10 stuks,,
2026-09-01,118131,Dairy & eggs,AH Vanillevla,1.59,,False,,1 l,1.59,liter
2026-09-01,485699,Bread & cereals,AH Vloerbrood volkoren heel,2.69,,False,,per stuk,,
2026-09-01,112336,Bread & cereals,AH Extra lang lekker casino wit heel,1.49,,False,,per stuk,,
2026-09-01,513514,Bread & cereals,Bolletje Vezelrijk boeren beschuit meerzaden,1.99,,False,,10 stuks,,
2026-09-01,162826,Bread & cereals,Kellogg's Cornflakes,3.09,,False,,375 g,8.24,kg
2026-09-01,438127,Bread & cereals,AH Volkoren muesli naturel,2.65,,False,,1 kg,2.65,kg
2026-09-01,162513,Bread & cereals,AH Zilvervliesrijst,1.39,,False,,1 kg,1.39,kg
2026-09-01,159760,Bread & cereals,AH Spaghetti,0.69,,False,,500 g,1.38,kg
2026-09-01,36783,Bread & cereals,AH Tarwebloem,0.85,,False,,1 kg,0.85,kg
2026-09-01,543332,Meat & fish,AH Scharrel kipfilet naturel,2.59,,False,,150 g,17.27,kg
2026-09-01,4004,Meat & fish,AH Rundergehakt,4.25,,False,,300 g,14.17,kg
2026-09-01,232421,Meat & fish,AH Speklap,5.45,,False,,ca. 480 g,11.36,kg
2026-09-01,367555,Meat & fish,Unox Extra magere rookworst,4.59,,False,,275 g,16.69,kg
2026-09-01,598216,Meat & fish,AH Zalmfilet a  la minute 2-pack,12.26,11.89,True,3% volume voordeel,2 stuks,,
2026-09-01,485298,Meat & fish,Princes Tonijnstukken in water voordeelpak,6.99,,False,,435 g,22.84,kg
2026-09-01,560666,Meat & fish,AH Achterham,1.49,,False,,75 g,19.87,kg
2026-09-01,455430,Vegetables,AH Finest Red Nederlandse trostomaten,2.49,,False,,450 g,5.53,kg
2026-09-01,54074,Vegetables,AH Komkommer,0.79,,False,,per stuk,,
2026-09-01,525847,Vegetables,AH Gele uien,0.99,,False,,3 stuks,,
2026-09-01,4117,Vegetables,AH Paprika rood,1.09,,False,,per stuk,,
2026-09-01,129684,Vegetables,AH IJsbergsla,1.09,,False,,200 g,5.45,kg
2026-09-01,226367,Vegetables,AH Broccoliroosjes,1.49,,False,,450 g,3.31,kg
2026-09-01,4076,Vegetables,AH Winterpeen,1.39,,False,,1 kg,1.39,kg
2026-09-01,67842,Vegetables,AH Witte champignons,1.89,,False,,400 g,4.73,kg
2026-09-01,123955,Vegetables,AH Kruimige aardappelen,1.29,,False,,1 kg,1.29,kg
2026-09-01,197393,Fruit,AH Bananen tros,1.49,,False,,Tros,,
2026-09-01,123209,Fruit,AH Elstar zak,3.99,2.99,True,VOOR 2.99,"1,5 kg",2.66,kg
2026-09-01,67896,Fruit,AH Handsinaasappelen,3.29,2.49,True,VOOR 2.49,2 kg,1.65,kg
2026-09-01,80585,Fruit,AH Pitloze witte druiven,2.59,,False,,500 g,5.18,kg
2026-09-01,565851,Fruit,AH Citroen,1.59,,False,,500 g,3.18,kg
2026-09-01,129242,Fruit,AH Groene kiwi's,6.49,,False,,1 kg,6.49,kg
2026-09-01,381377,Drinks,AH Zwarte thee Engelse melange 1 kop,0.69,,False,,50 stuks,,
2026-09-01,616715,Drinks,Coca-Cola Original taste 6-pack,13.14,11.83,True,10% volume voordeel,6 stuks,,
2026-09-01,55444,Drinks,Appelsientje Sinaasappel met extra vruchtvlees,2.99,,True,2 voor 3.99,1 l,2.99,liter
2026-09-01,210145,Drinks,Heineken Premium pilsener krat,19.99,,False,,"24 x 0,3 l",2.78,liter
2026-09-01,567973,Drinks,Spa Intense bruisend mineraalwater,1.29,,False,,"1,5 l",0.86,liter
2026-09-01,594632,Snacks & sweets,Kitkat Melkchocoladereep double chocolate,1.99,,False,,99 g,20.1,kg
2026-09-01,526381,Snacks & sweets,Lay's Naturel,2.19,1.69,True,VOOR 1.69,200 g,10.95,kg
2026-09-01,170059,Snacks & sweets,AH Stroopwafels,2.69,,False,,8 stuks,,
2026-09-01,3579,Snacks & sweets,Calvé Pindakaas pot,3.49,,False,,350 g,9.97,kg
2026-09-01,493644,Snacks & sweets,De Ruijter Chocoladehagel melk,3.75,,False,,390 g,9.62,kg
2026-09-01,573535,Snacks & sweets,LU Bastogne original 3-pack,6.45,5.8,True,10% volume voordeel,3 stuks,,
2026-09-01,511002,Pantry staples,AH Kristalsuiker,0.75,,False,,1 kg,0.75,kg
2026-09-01,3372,Pantry staples,AH Keukenzout met jodium,0.85,,False,,1 kg,0.85,kg
2026-09-01,63361,Pantry staples,AH Olijfolie extra vierge,3.59,,False,,250 ml,14.36,liter
2026-09-01,906,Pantry staples,AH Zonnebloemolie,1.35,,False,,1 l,1.35,liter
2026-09-01,216494,Pantry staples,Heinz Tomato ketchup,2.69,,False,,400 ml,6.73,liter
2026-09-01,429373,Pantry staples,Calvé Mayonaise,4.09,,False,,650 ml,6.29,liter
2026-09-01,556728,Pantry staples,AH Pastasaus basilicum,1.25,,False,,520 g,2.4,kg
2026-09-01,920,Pantry staples,AH Rijkgevulde tomatensoep,1.49,,False,,800 ml,1.86,liter
2026-09-01,445254,Frozen,AH Steenoven pizza margherita,2.99,,False,,348 g,8.59,kg
2026-09-01,67746,Frozen,AH Bladspinazie grof gesneden,1.25,,False,,450 g,2.78,kg
2026-09-01,195093,Frozen,AH Airfryer ovenfriet,1.19,,False,,750 g,1.59,kg
2026-09-01,759,Frozen,AH Roomijs vanille,2.79,,False,,1 l,2.79,liter
2026-09-01,376891,Household,Page Kussenzacht toiletpapier voordeelpak,15.99,,False,,24 stuks,,
2026-09-01,163693,Household,Ajax Eucalyptus allesreiniger,2.95,,True,1 + 1 gratis,"1,25 l",2.36,liter
2026-09-01,547694,Household,Dreft Afwasmiddel platinum quick wash original,2.95,,False,,350 ml,8.43,liter
2026-09-01,590121,Household,Robijn Quickwash sunset bloom wasmiddel,18.99,6.99,True,VOOR 6.99,22 wasbeurten,,
2026-09-01,584125,Household,AH Keukenpapier sterk & abs 2=3 rollen,2.99,,True,2 voor 3.99,2 stuks,,
2026-09-01,537248,Household,AH Vuilniszakken trekband 60 liter citrus,1.99,,False,,10 stuks,,
2026-09-01,200282,Personal care,Colgate Fresh gel fluoride tandpasta,2.39,,False,,75 ml,31.87,liter
2026-09-01,569393,Personal care,Gliss Shampoo liquid silk,6.99,,True,1 + 1 gratis,250 ml,27.96,liter
2026-09-01,571835,Personal care,Dove Relaxing douchegel,9.79,,False,,400 ml,24.48,liter
2026-09-01,177758,Personal care,Unicura Balans anti bacterieel handzeep navul,2.99,,False,,250 ml,11.96,liter
2026-09-01,3738,Drinks,Douwe Egberts Aroma rood filterkoffie,5.49,,True,2e Halve Prijs,250 g,21.96,kg
2026-09-02,1525,Dairy & eggs,AH Halfvolle melk,1.29,,False,,1 l,1.29,liter
2026-09-02,450535,Dairy & eggs,AH Houdbare volle melk,0.99,,False,,1 l,0.99,liter
2026-09-02,96643,Dairy & eggs,AH Magere yoghurt,1.39,,False,,1 l,1.39,liter
2026-09-02,429777,Dairy & eggs,Campina Magere milde kwark naturel voordeelpak,3.49,,False,,1 kg,3.49,kg
2026-09-02,320085,Dairy & eggs,AH Jong belegen 35+ plakken,4.96,,False,,ca. 235 g,21.12,kg
2026-09-02,193236,Dairy & eggs,AH Roomboter ongezouten,2.59,,False,,250 g,10.36,kg
2026-09-02,479760,Dairy & eggs,Natuurfarm de Boed 10 scharrel eieren S M L,3.79,,False,,10 stuks,,
2026-09-02,118131,Dairy & eggs,AH Vanillevla,1.59,,False,,1 l,1.59,liter
2026-09-02,485699,Bread & cereals,AH Vloerbrood volkoren heel,2.69,,False,,per stuk,,
2026-09-02,112336,Bread & cereals,AH Extra lang lekker casino wit heel,1.49,,False,,per stuk,,
2026-09-02,513514,Bread & cereals,Bolletje Vezelrijk boeren beschuit meerzaden,1.99,,False,,10 stuks,,
2026-09-02,162826,Bread & cereals,Kellogg's Cornflakes,3.09,,False,,375 g,8.24,kg
2026-09-02,438127,Bread & cereals,AH Volkoren muesli naturel,2.65,,False,,1 kg,2.65,kg
2026-09-02,162513,Bread & cereals,AH Zilvervliesrijst,1.39,,False,,1 kg,1.39,kg
2026-09-02,159760,Bread & cereals,AH Spaghetti,0.69,,False,,500 g,1.38,kg
2026-09-02,36783,Bread & cereals,AH Tarwebloem,0.85,,False,,1 kg,0.85,kg
2026-09-02,543332,Meat & fish,AH Scharrel kipfilet naturel,2.59,,False,,150 g,17.27,kg
2026-09-02,4004,Meat & fish,AH Rundergehakt,4.25,,False,,300 g,14.17,kg
2026-09-02,232421,Meat & fish,AH Speklap,5.45,,False,,ca. 480 g,11.36,kg
2026-09-02,367555,Meat & fish,Unox Extra magere rookworst,4.59,,False,,275 g,16.69,kg
2026-09-02,598216,Meat & fish,AH Zalmfilet a  la minute 2-pack,12.26,11.89,True,3% volume voordeel,2 stuks,,
2026-09-02,485298,Meat & fish,Princes Tonijnstukken in water voordeelpak,6.99,,False,,435 g,22.84,kg
2026-09-02,560666,Meat & fish,AH Achterham,1.49,,False,,75 g,19.87,kg
2026-09-02,455430,Vegetables,AH Finest Red Nederlandse trostomaten,2.49,,False,,450 g,5.53,kg
2026-09-02,54074,Vegetables,AH Komkommer,0.79,,False,,per stuk,,
2026-09-02,525847,Vegetables,AH Gele uien,0.99,,False,,3 stuks,,
2026-09-02,4117,Vegetables,AH Paprika rood,1.09,,False,,per stuk,,
2026-09-02,129684,Vegetables,AH IJsbergsla,1.09,,False,,200 g,5.45,kg
2026-09-02,226367,Vegetables,AH Broccoliroosjes,1.49,,False,,450 g,3.31,kg
2026-09-02,4076,Vegetables,AH Winterpeen,1.39,,False,,1 kg,1.39,kg
2026-09-02,67842,Vegetables,AH Witte champignons,1.89,,False,,400 g,4.73,kg
2026-09-02,123955,Vegetables,AH Kruimige aardappelen,1.29,,False,,1 kg,1.29,kg
2026-09-02,197393,Fruit,AH Bananen tros,1.49,,False,,Tros,,
2026-09-02,123209,Fruit,AH Elstar zak,3.99,2.99,True,VOOR 2.99,"1,5 kg",2.66,kg
2026-09-02,67896,Fruit,AH Handsinaasappelen,3.29,2.49,True,VOOR 2.49,2 kg,1.65,kg
2026-09-02,80585,Fruit,AH Pitloze witte druiven,2.59,,False,,500 g,5.18,kg
2026-09-02,565851,Fruit,AH Citroen,1.59,,False,,500 g,3.18,kg
2026-09-02,129242,Fruit,AH Groene kiwi's,6.49,,False,,1 kg,6.49,kg
2026-09-02,381377,Drinks,AH Zwarte thee Engelse melange 1 kop,0.69,,False,,50 stuks,,
2026-09-02,616715,Drinks,Coca-Cola Original taste 6-pack,13.14,11.83,True,10% volume voordeel,6 stuks,,
2026-09-02,55444,Drinks,Appelsientje Sinaasappel met extra vruchtvlees,2.99,,True,2 voor 3.99,1 l,2.99,liter
2026-09-02,210145,Drinks,Heineken Premium pilsener krat,19.99,,False,,"24 x 0,3 l",2.78,liter
2026-09-02,567973,Drinks,Spa Intense bruisend mineraalwater,1.29,,False,,"1,5 l",0.86,liter
2026-09-02,594632,Snacks & sweets,Kitkat Melkchocoladereep double chocolate,1.99,,False,,99 g,20.1,kg
2026-09-02,526381,Snacks & sweets,Lay's Naturel,2.19,1.69,True,VOOR 1.69,200 g,10.95,kg
2026-09-02,170059,Snacks & sweets,AH Stroopwafels,2.69,,False,,8 stuks,,
2026-09-02,3579,Snacks & sweets,Calvé Pindakaas pot,3.49,,False,,350 g,9.97,kg
2026-09-02,493644,Snacks & sweets,De Ruijter Chocoladehagel melk,3.75,,False,,390 g,9.62,kg
2026-09-02,573535,Snacks & sweets,LU Bastogne original 3-pack,6.45,5.8,True,10% volume voordeel,3 stuks,,
2026-09-02,511002,Pantry staples,AH Kristalsuiker,0.75,,False,,1 kg,0.75,kg
2026-09-02,3372,Pantry staples,AH Keukenzout met jodium,0.85,,False,,1 kg,0.85,kg
2026-09-02,63361,Pantry staples,AH Olijfolie extra vierge,3.59,,False,,250 ml,14.36,liter
2026-09-02,906,Pantry staples,AH Zonnebloemolie,1.35,,False,,1 l,1.35,liter
2026-09-02,216494,Pantry staples,Heinz Tomato ketchup,2.69,,False,,400 ml,6.73,liter
2026-09-02,429373,Pantry staples,Calvé Mayonaise,4.09,,False,,650 ml,6.29,liter
2026-09-02,556728,Pantry staples,AH Pastasaus basilicum,1.25,,False,,520 g,2.4,kg
2026-09-02,920,Pantry staples,AH Rijkgevulde tomatensoep,1.49,,False,,800 ml,1.86,liter
2026-09-02,445254,Frozen,AH Steenoven pizza margherita,2.99,,False,,348 g,8.59,kg
2026-09-02,67746,Frozen,AH Bladspinazie grof gesneden,1.25,,False,,450 g,2.78,kg
2026-09-02,195093,Frozen,AH Airfryer ovenfriet,1.19,,False,,750 g,1.59,kg
2026-09-02,759,Frozen,AH Roomijs vanille,2.79,,False,,1 l,2.79,liter
2026-09-02,376891,Household,Page Kussenzacht toiletpapier voordeelpak,15.99,,False,,24 stuks,,
2026-09-02,163693,Household,Ajax Eucalyptus allesreiniger,2.95,,True,1 + 1 gratis,"1,25 l",2.36,liter
2026-09-02,547694,Household,Dreft Afwasmiddel platinum quick wash original,2.95,,False,,350 ml,8.43,liter
2026-09-02,590121,Household,Robijn Quickwash sunset bloom wasmiddel,18.99,6.99,True,VOOR 6.99,22 wasbeurten,,
2026-09-02,584125,Household,AH Keukenpapier sterk & abs 2=3 rollen,2.99,,True,2 voor 3.99,2 stuks,,
2026-09-02,537248,Household,AH Vuilniszakken trekband 60 liter citrus,1.99,,False,,10 stuks,,
2026-09-02,200282,Personal care,Colgate Fresh gel fluoride tandpasta,2.39,,False,,75 ml,31.87,liter
2026-09-02,569393,Personal care,Gliss Shampoo liquid silk,6.99,,True,1 + 1 gratis,250 ml,27.96,liter
2026-09-02,571835,Personal care,Dove Relaxing douchegel,9.79,,False,,400 ml,24.48,liter
2026-09-02,177758,Personal care,Unicura Balans anti bacterieel handzeep navul,2.99,,False,,250 ml,11.96,liter
2026-09-02,3738,Drinks,Douwe Egberts Aroma rood filterkoffie,5.49,,True,2e Halve Prijs,250 g,21.96,kg
2026-09-03,1525,Dairy & eggs,AH Halfvolle melk,1.29,,False,,1 l,1.29,liter
2026-09-03,450535,Dairy & eggs,AH Houdbare volle melk,0.99,,False,,1 l,0.99,liter
2026-09-03,96643,Dairy & eggs,AH Magere yoghurt,1.39,,False,,1 l,1.39,liter
2026-09-03,429777,Dairy & eggs,Campina Magere milde kwark naturel voordeelpak,3.49,,False,,1 kg,3.49,kg
2026-09-03,320085,Dairy & eggs,AH Jong belegen 35+ plakken,4.96,,False,,ca. 235 g,21.12,kg
2026-09-03,193236,Dairy & eggs,AH Roomboter ongezouten,2.59,,False,,250 g,10.36,kg
2026-09-03,479760,Dairy & eggs,Natuurfarm de Boed 10 scharrel eieren S M L,3.79,,False,,10 stuks,,
2026-09-03,118131,Dairy & eggs,AH Vanillevla,1.59,,False,,1 l,1.59,liter
2026-09-03,485699,Bread & cereals,AH Vloerbrood volkoren heel,2.69,,False,,per stuk,,
2026-09-03,112336,Bread & cereals,AH Extra lang lekker casino wit heel,1.49,,False,,per stuk,,
2026-09-03,513514,Bread & cereals,Bolletje Vezelrijk boeren beschuit meerzaden,1.99,,False,,10 stuks,,
2026-09-03,162826,Bread & cereals,Kellogg's Cornflakes,3.09,,False,,375 g,8.24,kg
2026-09-03,438127,Bread & cereals,AH Volkoren muesli naturel,2.65,,False,,1 kg,2.65,kg
2026-09-03,162513,Bread & cereals,AH Zilvervliesrijst,1.39,,False,,1 kg,1.39,kg
2026-09-03,159760,Bread & cereals,AH Spaghetti,0.69,,False,,500 g,1.38,kg
2026-09-03,36783,Bread & cereals,AH Tarwebloem,0.85,,False,,1 kg,0.85,kg
2026-09-03,543332,Meat & fish,AH Scharrel kipfilet naturel,2.59,,False,,150 g,17.27,kg
2026-09-03,4004,Meat & fish,AH Rundergehakt,4.25,,False,,300 g,14.17,kg
2026-09-03,232421,Meat & fish,AH Speklap,5.45,,False,,ca. 480 g,11.36,kg
2026-09-03,367555,Meat & fish,Unox Extra magere rookworst,4.59,,False,,275 g,16.69,kg
2026-09-03,598216,Meat & fish,AH Zalmfilet a  la minute 2-pack,12.26,11.89,True,3% volume voordeel,2 stuks,,
2026-09-03,485298,Meat & fish,Princes Tonijnstukken in water voordeelpak,6.99,,False,,435 g,22.84,kg
2026-09-03,560666,Meat & fish,AH Achterham,1.49,,False,,75 g,19.87,kg
2026-09-03,455430,Vegetables,AH Finest Red Nederlandse trostomaten,2.49,,False,,450 g,5.53,kg
2026-09-03,54074,Vegetables,AH Komkommer,0.79,,False,,per stuk,,
2026-09-03,525847,Vegetables,AH Gele uien,0.99,,False,,3 stuks,,
2026-09-03,4117,Vegetables,AH Paprika rood,1.09,,False,,per stuk,,
2026-09-03,129684,Vegetables,AH IJsbergsla,1.09,,False,,200 g,5.45,kg
2026-09-03,226367,Vegetables,AH Broccoliroosjes,1.49,,False,,450 g,3.31,kg
2026-09-03,4076,Vegetables,AH Winterpeen,1.39,,False,,1 kg,1.39,kg
2026-09-03,67842,Vegetables,AH Witte champignons,1.89,,False,,400 g,4.73,kg
2026-09-03,123955,Vegetables,AH Kruimige aardappelen,1.29,,False,,1 kg,1.29,kg
2026-09-03,197393,Fruit,AH Bananen tros,1.49,,False,,Tros,,
2026-09-03,123209,Fruit,AH Elstar zak,3.99,2.99,True,VOOR 2.99,"1,5 kg",2.66,kg
2026-09-03,67896,Fruit,AH Handsinaasappelen,3.29,2.49,True,VOOR 2.49,2 kg,1.65,kg
2026-09-03,80585,Fruit,AH Pitloze witte druiven,2.59,,False,,500 g,5.18,kg
2026-09-03,565851,Fruit,AH Citroen,1.59,,False,,500 g,3.18,kg
2026-09-03,129242,Fruit,AH Groene kiwi's,6.49,,False,,1 kg,6.49,kg
2026-09-03,381377,Drinks,AH Zwarte thee Engelse melange 1 kop,0.69,,False,,50 stuks,,
2026-09-03,616715,Drinks,Coca-Cola Original taste 6-pack,13.14,11.83,True,10% volume voordeel,6 stuks,,
2026-09-03,55444,Drinks,Appelsientje Sinaasappel met extra vruchtvlees,2.99,,True,2 voor 3.99,1 l,2.99,liter
2026-09-03,210145,Drinks,Heineken Premium pilsener krat,19.99,,False,,"24 x 0,3 l",2.78,liter
2026-09-03,567973,Drinks,Spa Intense bruisend mineraalwater,1.29,,False,,"1,5 l",0.86,liter
2026-09-03,594632,Snacks & sweets,Kitkat Melkchocoladereep double chocolate,1.99,,False,,99 g,20.1,kg
2026-09-03,526381,Snacks & sweets,Lay's Naturel,2.19,1.69,True,VOOR 1.69,200 g,10.95,kg
2026-09-03,170059,Snacks & sweets,AH Stroopwafels,2.69,,False,,8 stuks,,
2026-09-03,3579,Snacks & sweets,Calvé Pindakaas pot,3.49,,False,,350 g,9.97,kg
2026-09-03,493644,Snacks & sweets,De Ruijter Chocoladehagel melk,3.75,,False,,390 g,9.62,kg
2026-09-03,573535,Snacks & sweets,LU Bastogne original 3-pack,6.45,5.8,True,10% volume voordeel,3 stuks,,
2026-09-03,511002,Pantry staples,AH Kristalsuiker,0.75,,False,,1 kg,0.75,kg
2026-09-03,3372,Pantry staples,AH Keukenzout met jodium,0.85,,False,,1 kg,0.85,kg
2026-09-03,63361,Pantry staples,AH Olijfolie extra vierge,3.59,,False,,250 ml,14.36,liter
2026-09-03,906,Pantry staples,AH Zonnebloemolie,1.35,,False,,1 l,1.35,liter
2026-09-03,216494,Pantry staples,Heinz Tomato ketchup,2.69,,False,,400 ml,6.73,liter
2026-09-03,429373,Pantry staples,Calvé Mayonaise,4.09,,False,,650 ml,6.29,liter
2026-09-03,556728,Pantry staples,AH Pastasaus basilicum,1.25,,False,,520 g,2.4,kg
2026-09-03,920,Pantry staples,AH Rijkgevulde tomatensoep,1.49,,False,,800 ml,1.86,liter
2026-09-03,445254,Frozen,AH Steenoven pizza margherita,2.99,,False,,348 g,8.59,kg
2026-09-03,67746,Frozen,AH Bladspinazie grof gesneden,1.25,,False,,450 g,2.78,kg
2026-09-03,195093,Frozen,AH Airfryer ovenfriet,1.19,,False,,750 g,1.59,kg
2026-09-03,759,Frozen,AH Roomijs vanille,2.79,,False,,1 l,2.79,liter
2026-09-03,376891,Household,Page Kussenzacht toiletpapier voordeelpak,15.99,,False,,24 stuks,,
2026-09-03,163693,Household,Ajax Eucalyptus allesreiniger,2.95,,True,1 + 1 gratis,"1,25 l",2.36,liter
2026-09-03,547694,Household,Dreft Afwasmiddel platinum quick wash original,2.95,,False,,350 ml,8.43,liter
2026-09-03,590121,Household,Robijn Quickwash sunset bloom wasmiddel,18.99,6.99,True,VOOR 6.99,22 wasbeurten,,
2026-09-03,584125,Household,AH Keukenpapier sterk & abs 2=3 rollen,2.99,,True,2 voor 3.99,2 stuks,,
2026-09-03,537248,Household,AH Vuilniszakken trekband 60 liter citrus,1.99,,False,,10 stuks,,
2026-09-03,200282,Personal care,Colgate Fresh gel fluoride tandpasta,2.39,,False,,75 ml,31.87,liter
2026-09-03,569393,Personal care,Gliss Shampoo liquid silk,6.99,,True,1 + 1 gratis,250 ml,27.96,liter
2026-09-03,571835,Personal care,Dove Relaxing douchegel,9.79,,False,,400 ml,24.48,liter
2026-09-03,177758,Personal care,Unicura Balans anti bacterieel handzeep navul,2.99,,False,,250 ml,11.96,liter
2026-09-03,3738,Drinks,Douwe Egberts Aroma rood filterkoffie,5.49,,True,2e Halve Prijs,250 g,21.96,kg
2026-09-04,1525,Dairy & eggs,AH Halfvolle melk,1.29,,False,,1 l,1.29,liter
2026-09-04,450535,Dairy & eggs,AH Houdbare volle melk,0.99,,False,,1 l,0.99,liter
2026-09-04,96643,Dairy & eggs,AH Magere yoghurt,1.39,,False,,1 l,1.39,liter
2026-09-04,429777,Dairy & eggs,Campina Magere milde kwark naturel voordeelpak,3.49,,False,,1 kg,3.49,kg
2026-09-04,320085,Dairy & eggs,AH Jong belegen 35+ plakken,4.96,,False,,ca. 235 g,21.12,kg
2026-09-04,193236,Dairy & eggs,AH Roomboter ongezouten,2.59,,False,,250 g,10.36,kg
2026-09-04,479760,Dairy & eggs,Natuurfarm de Boed 10 scharrel eieren S M L,3.79,,False,,10 stuks,,
2026-09-04,118131,Dairy & eggs,AH Vanillevla,1.59,,False,,1 l,1.59,liter
2026-09-04,485699,Bread & cereals,AH Vloerbrood volkoren heel,2.69,,True,2 voor 3.99,per stuk,,
2026-09-04,112336,Bread & cereals,AH Extra lang lekker casino wit heel,1.49,,False,,per stuk,,
2026-09-04,513514,Bread & cereals,Bolletje Vezelrijk boeren beschuit meerzaden,1.99,,False,,10 stuks,,
2026-09-04,162826,Bread & cereals,Kellogg's Cornflakes,3.09,,False,,375 g,8.24,kg
2026-09-04,438127,Bread & cereals,AH Volkoren muesli naturel,2.65,,False,,1 kg,2.65,kg
2026-09-04,162513,Bread & cereals,AH Zilvervliesrijst,1.39,,False,,1 kg,1.39,kg
2026-09-04,159760,Bread & cereals,AH Spaghetti,0.69,,False,,500 g,1.38,kg
2026-09-04,36783,Bread & cereals,AH Tarwebloem,0.85,,False,,1 kg,0.85,kg
2026-09-04,543332,Meat & fish,AH Scharrel kipfilet naturel,2.59,,False,,150 g,17.27,kg
2026-09-04,4004,Meat & fish,AH Rundergehakt,4.25,,False,,300 g,14.17,kg
2026-09-04,232421,Meat & fish,AH Speklap,5.45,,False,,ca. 480 g,11.36,kg
2026-09-04,367555,Meat & fish,Unox Extra magere rookworst,4.59,,False,,275 g,16.69,kg
2026-09-04,598216,Meat & fish,AH Zalmfilet a  la minute 2-pack,12.26,11.89,True,3% volume voordeel,2 stuks,,
2026-09-04,485298,Meat & fish,Princes Tonijnstukken in water voordeelpak,6.99,,False,,435 g,22.84,kg
2026-09-04,560666,Meat & fish,AH Achterham,1.49,,False,,75 g,19.87,kg
2026-09-04,455430,Vegetables,AH Finest Red Nederlandse trostomaten,2.49,,False,,450 g,5.53,kg
2026-09-04,54074,Vegetables,AH Komkommer,0.79,,False,,per stuk,,
2026-09-04,525847,Vegetables,AH Gele uien,0.99,,False,,3 stuks,,
2026-09-04,4117,Vegetables,AH Paprika rood,1.09,,True,1 + 1 gratis,per stuk,,
2026-09-04,129684,Vegetables,AH IJsbergsla,1.09,,False,,200 g,5.45,kg
2026-09-04,226367,Vegetables,AH Broccoliroosjes,1.49,,False,,450 g,3.31,kg
2026-09-04,4076,Vegetables,AH Winterpeen,1.39,0.99,True,VOOR 0.99,1 kg,1.39,kg
2026-09-04,67842,Vegetables,AH Witte champignons,1.89,,False,,400 g,4.73,kg
2026-09-04,123955,Vegetables,AH Kruimige aardappelen,1.29,,False,,1 kg,1.29,kg
2026-09-04,197393,Fruit,AH Bananen tros,1.49,,False,,Tros,,
2026-09-04,123209,Fruit,AH Elstar zak,3.99,2.99,True,VOOR 2.99,"1,5 kg",2.66,kg
2026-09-04,67896,Fruit,AH Handsinaasappelen,3.29,2.49,True,VOOR 2.49,2 kg,1.65,kg
2026-09-04,80585,Fruit,AH Pitloze witte druiven,2.59,,True,1 + 1 gratis,500 g,5.18,kg
2026-09-04,565851,Fruit,AH Citroen,1.59,,False,,500 g,3.18,kg
2026-09-04,129242,Fruit,AH Groene kiwi's,6.49,,False,,1 kg,6.49,kg
2026-09-04,381377,Drinks,AH Zwarte thee Engelse melange 1 kop,0.69,,False,,50 stuks,,
2026-09-04,616715,Drinks,Coca-Cola Original taste 6-pack,13.14,11.83,True,10% volume voordeel,6 stuks,,
2026-09-04,55444,Drinks,Appelsientje Sinaasappel met extra vruchtvlees,2.99,,True,2 voor 3.99,1 l,2.99,liter
2026-09-04,210145,Drinks,Heineken Premium pilsener krat,19.99,14.99,True,25% korting,"24 x 0,3 l",2.78,liter
2026-09-04,567973,Drinks,Spa Intense bruisend mineraalwater,1.29,,False,,"1,5 l",0.86,liter
2026-09-04,594632,Snacks & sweets,Kitkat Melkchocoladereep double chocolate,1.99,,False,,99 g,20.1,kg
2026-09-04,526381,Snacks & sweets,Lay's Naturel,2.19,1.69,True,VOOR 1.69,200 g,10.95,kg
2026-09-04,170059,Snacks & sweets,AH Stroopwafels,2.69,2.02,True,25% korting,8 stuks,,
2026-09-04,3579,Snacks & sweets,Calvé Pindakaas pot,3.49,,False,,350 g,9.97,kg
2026-09-04,493644,Snacks & sweets,De Ruijter Chocoladehagel melk,3.75,,False,,390 g,9.62,kg
2026-09-04,573535,Snacks & sweets,LU Bastogne original 3-pack,6.45,5.8,True,10% volume voordeel,3 stuks,,
2026-09-04,511002,Pantry staples,AH Kristalsuiker,0.75,,False,,1 kg,0.75,kg
2026-09-04,3372,Pantry staples,AH Keukenzout met jodium,0.85,,False,,1 kg,0.85,kg
2026-09-04,63361,Pantry staples,AH Olijfolie extra vierge,3.59,,False,,250 ml,14.36,liter
2026-09-04,906,Pantry staples,AH Zonnebloemolie,1.35,,False,,1 l,1.35,liter
2026-09-04,216494,Pantry staples,Heinz Tomato ketchup,2.69,,False,,400 ml,6.73,liter
2026-09-04,429373,Pantry staples,Calvé Mayonaise,4.09,3.07,True,25% korting,650 ml,6.29,liter
2026-09-04,556728,Pantry staples,AH Pastasaus basilicum,1.25,,False,,520 g,2.4,kg
2026-09-04,920,Pantry staples,AH Rijkgevulde tomatensoep,1.49,,False,,800 ml,1.86,liter
2026-09-04,445254,Frozen,AH Steenoven pizza margherita,2.99,,False,,348 g,8.59,kg
2026-09-04,67746,Frozen,AH Bladspinazie grof gesneden,1.25,,False,,450 g,2.78,kg
2026-09-04,195093,Frozen,AH Airfryer ovenfriet,1.19,,False,,750 g,1.59,kg
2026-09-04,759,Frozen,AH Roomijs vanille,2.79,,False,,1 l,2.79,liter
2026-09-04,376891,Household,Page Kussenzacht toiletpapier voordeelpak,15.99,,False,,24 stuks,,
2026-09-04,163693,Household,Ajax Eucalyptus allesreiniger,2.95,,True,1 + 1 gratis,"1,25 l",2.36,liter
2026-09-04,547694,Household,Dreft Afwasmiddel platinum quick wash original,2.95,,True,2 voor 4.99,350 ml,8.43,liter
2026-09-04,590121,Household,Robijn Quickwash sunset bloom wasmiddel,18.99,6.99,True,VOOR 6.99,22 wasbeurten,,
2026-09-04,584125,Household,AH Keukenpapier sterk & abs 2=3 rollen,2.99,,True,2 voor 3.99,2 stuks,,
2026-09-04,537248,Household,AH Vuilniszakken trekband 60 liter citrus,1.99,,False,,10 stuks,,
2026-09-04,200282,Personal care,Colgate Fresh gel fluoride tandpasta,2.39,,True,2 + 1 gratis,75 ml,31.87,liter
2026-09-04,569393,Personal care,Gliss Shampoo liquid silk,6.99,,True,1 + 1 gratis,250 ml,27.96,liter
2026-09-04,571835,Personal care,Dove Relaxing douchegel,9.79,,True,1 + 1 gratis,400 ml,24.48,liter
2026-09-04,177758,Personal care,Unicura Balans anti bacterieel handzeep navul,2.99,,False,,250 ml,11.96,liter
2026-09-04,3738,Drinks,Douwe Egberts Aroma rood filterkoffie,5.49,,True,2e Halve Prijs,250 g,21.96,kg
